{
	"ulid": "01GG584986Q0DKHE4ZCGSDWVZC",
	"minTime": 1666439865893,
	"maxTime": 1666454400000,
	"stats": {
		"numSamples": 10820390,
		"numSeries": 24055,
		"numChunks": 101858
	},
	"compaction": {
		"level": 3,
		"sources": [
			"01GG036CWHYBWPHJ718VW369VH",
			"01GG03AFVPM0E6H4BJNHERT5M9",
			"01GG4RD60M8HB82P5J7GSK4SA3"
		],
		"parents": [
			{
				"ulid": "01GG036CWHYBWPHJ718VW369VH",
				"minTime": 1666439865893,
				"maxTime": 1666440000000
			},
			{
				"ulid": "01GG5842M7X3DTB6S510EYBKRT",
				"minTime": 1666440000051,
				"maxTime": 1666454400000
			}
		]
	},
	"version": 1
}