{
	"ulid": "01GG7TK0JEFCK2GNZQ970A83XR",
	"minTime": 1666607126441,
	"maxTime": 1666648800000,
	"stats": {
		"numSamples": 19605175,
		"numSeries": 22267,
		"numChunks": 200173
	},
	"compaction": {
		"level": 3,
		"sources": [
			"01GG54FKPJCN1ZSAVSZNVMG44Z",
			"01GG583Y1N3YA8A9X088B1WYAV",
			"01GG5EZWS5Z76SBNBK7SD4YGE3",
			"01GG5PAWG53BNBJ8VSVCSPDCMK",
			"01GG7A4C3MRCZW07FCDMTKXXZD",
			"01GG7A4FDR1M5833GB1925BZMT"
		],
		"parents": [
			{
				"ulid": "01GG54FKPJCN1ZSAVSZNVMG44Z",
				"minTime": 1666607126441,
				"maxTime": 1666612800000
			},
			{
				"ulid": "01GG7A4NDT2GPX5SB4N12SS1BC",
				"minTime": 1666612800000,
				"maxTime": 1666634400000
			},
			{
				"ulid": "01GG7TJT9KPDRW1DB9XQ2VH2PT",
				"minTime": 1666634400000,
				"maxTime": 1666648800000
			}
		]
	},
	"version": 1
}