{
	"ulid": "01GGACJVBFGMRRHPGY7Q7ZB3W4",
	"minTime": 1666692820811,
	"maxTime": 1666720800000,
	"stats": {
		"numSamples": 21758426,
		"numSeries": 22068,
		"numChunks": 175550
	},
	"compaction": {
		"level": 3,
		"sources": [
			"01GG7ME3ZK4RVSKC2F77D45M4V",
			"01GG7TJC5ARMY92CV9SRW8AZMG",
			"01GG820Q90SRMFANTD949FAG5Z",
			"01GG88RM7VF70KQ9B70YSSK8FK"
		],
		"parents": [
			{
				"ulid": "01GG7ME3ZK4RVSKC2F77D45M4V",
				"minTime": 1666692820811,
				"maxTime": 1666699200000
			},
			{
				"ulid": "01GG8FCRM31BPEJ3F6FH9DDHNM",
				"minTime": 1666699200000,
				"maxTime": 1666720800000
			}
		]
	},
	"version": 1
}